Iteration number,Errors
1,1.4289049600000001
2,0.6075513504137217
3,0.521435977198939
4,0.5110164236277128
5,0.5098886588573034
6,0.5099552981315626
